DATE,VALUE
2015-01-01,
2015-01-02,4726.810
2015-01-05,4652.570
2015-01-06,4592.740
2015-01-07,4650.470
2015-01-08,4736.190
2015-01-09,4704.070
2015-01-12,4664.710
2015-01-13,4661.500
2015-01-14,4639.320
2015-01-15,4570.820
2015-01-16,4634.380
2015-01-19,
2015-01-20,4654.850
2015-01-21,4667.420
2015-01-22,4750.400
2015-01-23,4757.880
2015-01-26,4771.760
2015-01-27,4681.500
2015-01-28,4637.990
2015-01-29,4683.410
2015-01-30,4635.240
2015-02-02,4676.690
2015-02-03,4727.740
2015-02-04,4716.700
2015-02-05,4765.100
2015-02-06,4744.400
2015-02-09,4726.010
2015-02-10,4787.640
2015-02-11,4801.180
2015-02-12,4857.610
2015-02-13,4893.840
2015-02-16,
2015-02-17,4899.270
2015-02-18,4906.360
2015-02-19,4924.700
2015-02-20,4955.970
2015-02-23,4960.970
2015-02-24,4968.120
2015-02-25,4967.140
2015-02-26,4987.890
2015-02-27,4963.530
2015-03-02,5008.100
2015-03-03,4979.900
2015-03-04,4967.140
2015-03-05,4982.810
2015-03-06,4927.370
2015-03-09,4942.440
2015-03-10,4859.790
2015-03-11,4849.940
2015-03-12,4893.290
2015-03-13,4871.760
2015-03-16,4929.510
2015-03-17,4937.430
2015-03-18,4982.830
2015-03-19,4992.380
2015-03-20,5026.420
2015-03-23,5010.970
2015-03-24,4994.730
2015-03-25,4876.520
2015-03-26,4863.360
2015-03-27,4891.220
2015-03-30,4947.440
2015-03-31,4900.880
2015-04-01,4880.230
2015-04-02,4886.940
2015-04-03,
2015-04-06,4917.320
2015-04-07,4910.230
2015-04-08,4950.820
2015-04-09,4974.560
2015-04-10,4995.980
2015-04-13,4988.250
2015-04-14,4977.290
2015-04-15,5011.020
2015-04-16,5007.790
2015-04-17,4931.810
2015-04-20,4994.600
2015-04-21,5014.100
2015-04-22,5035.170
2015-04-23,5056.060
2015-04-24,5092.080
2015-04-27,5060.250
2015-04-28,5055.420
2015-04-29,5023.640
2015-04-30,4941.420
2015-05-01,5005.390
2015-05-04,5016.930
2015-05-05,4939.330
2015-05-06,4919.640
2015-05-07,4945.540
2015-05-08,5003.550
2015-05-11,4993.570
2015-05-12,4976.190
2015-05-13,4981.690
2015-05-14,5050.800
2015-05-15,5048.290
2015-05-18,5078.440
2015-05-19,5070.030
2015-05-20,5071.740
2015-05-21,5090.790
2015-05-22,5089.360
2015-05-25,
2015-05-26,5032.750
2015-05-27,5106.590
2015-05-28,5097.980
2015-05-29,5070.030
2015-06-01,5082.930
2015-06-02,5076.520
2015-06-03,5099.230
2015-06-04,5059.120
2015-06-05,5068.460
2015-06-08,5021.630
2015-06-09,5013.870
2015-06-10,5076.690
2015-06-11,5082.510
2015-06-12,5051.100
2015-06-15,5029.970
2015-06-16,5055.550
2015-06-17,5064.880
2015-06-18,5132.950
2015-06-19,5117.000
2015-06-22,5153.970
2015-06-23,5160.090
2015-06-24,5122.410
2015-06-25,5112.190
2015-06-26,5080.510
2015-06-29,4958.470
2015-06-30,4986.870
2015-07-01,5013.120
2015-07-02,5009.210
2015-07-03,
2015-07-06,4991.940
2015-07-07,4997.460
2015-07-08,4909.760
2015-07-09,4922.400
2015-07-10,4997.700
2015-07-13,5071.510
2015-07-14,5104.890
2015-07-15,5098.940
2015-07-16,5163.180
2015-07-17,5210.140
2015-07-20,5218.860
2015-07-21,5208.120
2015-07-22,5171.770
2015-07-23,5146.410
2015-07-24,5088.630
2015-07-27,5039.780
2015-07-28,5089.210
2015-07-29,5111.730
2015-07-30,5128.780
2015-07-31,5128.280
2015-08-03,5115.380
2015-08-04,5105.550
2015-08-05,5139.940
2015-08-06,5056.440
2015-08-07,5043.540
2015-08-10,5101.800
2015-08-11,5036.790
2015-08-12,5044.390
2015-08-13,5033.560
2015-08-14,5048.240
2015-08-17,5091.700
2015-08-18,5059.350
2015-08-19,5019.050
2015-08-20,4877.490
2015-08-21,4706.040
2015-08-24,4526.250
2015-08-25,4506.490
2015-08-26,4697.540
2015-08-27,4812.710
2015-08-28,4828.320
2015-08-31,4776.510
2015-09-01,4636.100
2015-09-02,4749.980
2015-09-03,4733.500
2015-09-04,4683.920
2015-09-07,
2015-09-08,4811.930
2015-09-09,4756.530
2015-09-10,4796.250
2015-09-11,4822.340
2015-09-14,4805.760
2015-09-15,4860.520
2015-09-16,4889.240
2015-09-17,4893.950
2015-09-18,4827.230
2015-09-21,4828.950
2015-09-22,4756.720
2015-09-23,4752.740
2015-09-24,4734.480
2015-09-25,4686.500
2015-09-28,4543.970
2015-09-29,4517.320
2015-09-30,4620.160
2015-10-01,4627.080
2015-10-02,4707.780
2015-10-05,4781.260
2015-10-06,4748.360
2015-10-07,4791.150
2015-10-08,4810.790
2015-10-09,4830.470
2015-10-12,4838.640
2015-10-13,4796.610
2015-10-14,4782.850
2015-10-15,4870.100
2015-10-16,4886.690
2015-10-19,4905.470
2015-10-20,4880.970
2015-10-21,4840.120
2015-10-22,4920.050
2015-10-23,5031.860
2015-10-26,5034.700
2015-10-27,5030.150
2015-10-28,5095.690
2015-10-29,5074.270
2015-10-30,5053.750
2015-11-02,5127.150
2015-11-03,5145.130
2015-11-04,5142.480
2015-11-05,5127.740
2015-11-06,5147.120
2015-11-09,5095.300
2015-11-10,5083.240
2015-11-11,5067.020
2015-11-12,5005.080
2015-11-13,4927.880
2015-11-16,4984.620
2015-11-17,4986.010
2015-11-18,5075.200
2015-11-19,5073.640
2015-11-20,5104.920
2015-11-23,5102.480
2015-11-24,5102.810
2015-11-25,5116.140
2015-11-26,
2015-11-27,5127.520
2015-11-30,5108.670
2015-12-01,5156.310
2015-12-02,5123.220
2015-12-03,5037.530
2015-12-04,5142.270
2015-12-07,5101.810
2015-12-08,5098.240
2015-12-09,5022.870
2015-12-10,5045.170
2015-12-11,4933.470
2015-12-14,4952.230
2015-12-15,4995.360
2015-12-16,5071.130
2015-12-17,5002.550
2015-12-18,4923.080
2015-12-21,4968.920
2015-12-22,5001.110
2015-12-23,5045.930
2015-12-24,5048.490
2015-12-25,
2015-12-28,5040.990
2015-12-29,5107.940
2015-12-30,5065.850
2015-12-31,5007.410
2016-01-01,
2016-01-04,4903.090
2016-01-05,4891.430
2016-01-06,4835.760
2016-01-07,4689.430
2016-01-08,4643.630
2016-01-11,4637.990
2016-01-12,4685.920
2016-01-13,4526.060
2016-01-14,4615.000
2016-01-15,4488.420
2016-01-18,
2016-01-19,4476.950
2016-01-20,4471.690
2016-01-21,4472.060
2016-01-22,4591.180
2016-01-25,4518.490
2016-01-26,4567.670
2016-01-27,4468.170
2016-01-28,4506.680
2016-01-29,4613.950
2016-02-01,4620.370
2016-02-02,4516.950
2016-02-03,4504.240
2016-02-04,4509.560
2016-02-05,4363.140
2016-02-08,4283.750
2016-02-09,4268.760
2016-02-10,4283.590
2016-02-11,4266.840
2016-02-12,4337.510
2016-02-15,
2016-02-16,4435.960
2016-02-17,4534.060
2016-02-18,4487.540
2016-02-19,4504.430
2016-02-22,4570.610
2016-02-23,4503.580
2016-02-24,4542.610
2016-02-25,4582.200
2016-02-26,4590.470
2016-02-29,4557.950
2016-03-01,4689.600
2016-03-02,4703.420
2016-03-03,4707.420
2016-03-04,4717.020
2016-03-07,4708.250
2016-03-08,4648.820
2016-03-09,4674.380
2016-03-10,4662.160
2016-03-11,4748.470
2016-03-14,4750.280
2016-03-15,4728.670
2016-03-16,4763.970
2016-03-17,4774.990
2016-03-18,4795.650
2016-03-21,4808.870
2016-03-22,4821.660
2016-03-23,4768.860
2016-03-24,4773.500
2016-03-25,
2016-03-28,4766.790
2016-03-29,4846.620
2016-03-30,4869.290
2016-03-31,4869.850
2016-04-01,4914.540
2016-04-04,4891.800
2016-04-05,4843.930
2016-04-06,4920.720
2016-04-07,4848.370
2016-04-08,4850.690
2016-04-11,4833.400
2016-04-12,4872.090
2016-04-13,4947.420
2016-04-14,4945.890
2016-04-15,4938.220
2016-04-18,4960.020
2016-04-19,4940.330
2016-04-20,4948.150
2016-04-21,4945.930
2016-04-22,4906.200
2016-04-25,4895.790
2016-04-26,4888.280
2016-04-27,4863.140
2016-04-28,4805.290
2016-04-29,4775.360
2016-05-02,4817.590
2016-05-03,4763.220
2016-05-04,4725.640
2016-05-05,4717.090
2016-05-06,4736.160
2016-05-09,4750.210
2016-05-10,4809.880
2016-05-11,4760.690
2016-05-12,4737.330
2016-05-13,4717.680
2016-05-16,4775.460
2016-05-17,4715.730
2016-05-18,4739.120
2016-05-19,4712.530
2016-05-20,4769.560
2016-05-23,4765.780
2016-05-24,4861.060
2016-05-25,4894.890
2016-05-26,4901.770
2016-05-27,4933.500
2016-05-30,
2016-05-31,4948.050
2016-06-01,4952.250
2016-06-02,4971.360
2016-06-03,4942.520
2016-06-06,4968.710
2016-06-07,4961.750
2016-06-08,4974.640
2016-06-09,4958.620
2016-06-10,4894.550
2016-06-13,4848.440
2016-06-14,4843.550
2016-06-15,4834.930
2016-06-16,4844.910
2016-06-17,4800.340
2016-06-20,4837.210
2016-06-21,4843.760
2016-06-22,4833.320
2016-06-23,4910.040
2016-06-24,4707.980
2016-06-27,4594.440
2016-06-28,4691.870
2016-06-29,4779.250
2016-06-30,4842.670
2016-07-01,4862.570
2016-07-04,
2016-07-05,4822.900
2016-07-06,4859.160
2016-07-07,4876.810
2016-07-08,4956.760
2016-07-11,4988.640
2016-07-12,5022.820
2016-07-13,5005.730
2016-07-14,5034.060
2016-07-15,5029.590
2016-07-18,5055.780
2016-07-19,5036.370
2016-07-20,5089.930
2016-07-21,5073.900
2016-07-22,5100.160
2016-07-25,5097.630
2016-07-26,5110.050
2016-07-27,5139.810
2016-07-28,5154.980
2016-07-29,5162.130
2016-08-01,5184.200
2016-08-02,5137.730
2016-08-03,5159.740
2016-08-04,5166.250
2016-08-05,5221.120
2016-08-08,5213.140
2016-08-09,5225.480
2016-08-10,5204.580
2016-08-11,5228.400
2016-08-12,5232.890
2016-08-15,5262.020
2016-08-16,5227.110
2016-08-17,5228.660
2016-08-18,5240.150
2016-08-19,5238.380
2016-08-22,5244.600
2016-08-23,5260.080
2016-08-24,5217.690
2016-08-25,5212.200
2016-08-26,5218.920
2016-08-29,5232.330
2016-08-30,5222.990
2016-08-31,5213.220
2016-09-01,5227.210
2016-09-02,5249.900
2016-09-05,
2016-09-06,5275.910
2016-09-07,5283.930
2016-09-08,5259.480
2016-09-09,5125.910
2016-09-12,5211.890
2016-09-13,5155.250
2016-09-14,5173.770
2016-09-15,5249.690
2016-09-16,5244.570
2016-09-19,5235.030
2016-09-20,5241.350
2016-09-21,5295.180
2016-09-22,5339.520
2016-09-23,5305.750
2016-09-26,5257.490
2016-09-27,5305.710
2016-09-28,5318.550
2016-09-29,5269.150
2016-09-30,5312.000
2016-10-03,5300.870
2016-10-04,5289.660
2016-10-05,5316.020
2016-10-06,5306.850
2016-10-07,5292.400
2016-10-10,5328.670
2016-10-11,5246.790
2016-10-12,5239.020
2016-10-13,5213.330
2016-10-14,5214.160
2016-10-17,5199.820
2016-10-18,5243.840
2016-10-19,5246.410
2016-10-20,5241.830
2016-10-21,5257.400
2016-10-24,5309.830
2016-10-25,5283.400
2016-10-26,5250.270
2016-10-27,5215.970
2016-10-28,5190.100
2016-10-31,5189.130
2016-11-01,5153.580
2016-11-02,5105.570
2016-11-03,5058.410
2016-11-04,5046.370
2016-11-07,5166.170
2016-11-08,5193.490
2016-11-09,5251.070
2016-11-10,5208.800
2016-11-11,5237.110
2016-11-14,5218.400
2016-11-15,5275.620
2016-11-16,5294.580
2016-11-17,5333.970
2016-11-18,5321.510
2016-11-21,5368.860
2016-11-22,5386.350
2016-11-23,5380.680
2016-11-24,
2016-11-25,5398.920
2016-11-28,5368.810
2016-11-29,5379.920
2016-11-30,5323.680
2016-12-01,5251.110
2016-12-02,5255.650
2016-12-05,5308.890
2016-12-06,5333.000
2016-12-07,5393.760
2016-12-08,5417.360
2016-12-09,5444.500
2016-12-12,5412.540
2016-12-13,5463.830
2016-12-14,5436.670
2016-12-15,5456.850
2016-12-16,5437.160
2016-12-19,5457.440
2016-12-20,5483.940
2016-12-21,5471.430
2016-12-22,5447.420
2016-12-23,5462.690
2016-12-26,
2016-12-27,5487.440
2016-12-28,5438.560
2016-12-29,5432.090
2016-12-30,5383.120
2017-01-02,
2017-01-03,5429.080
2017-01-04,5477.000
2017-01-05,5487.940
2017-01-06,5521.060
2017-01-09,5531.820
2017-01-10,5551.820
2017-01-11,5563.650
2017-01-12,5547.490
2017-01-13,5574.120
2017-01-16,
2017-01-17,5538.730
2017-01-18,5555.650
2017-01-19,5540.080
2017-01-20,5555.330
2017-01-23,5552.940
2017-01-24,5600.960
2017-01-25,5656.340
2017-01-26,5655.180
2017-01-27,5660.780
2017-01-30,5613.710
2017-01-31,5614.790
2017-02-01,5642.650
2017-02-02,5636.200
2017-02-03,5666.770
2017-02-06,5663.550
2017-02-07,5674.220
2017-02-08,5682.450
2017-02-09,5715.180
2017-02-10,5734.130
2017-02-13,5763.960
2017-02-14,5782.570
2017-02-15,5819.440
2017-02-16,5814.900
2017-02-17,5838.580
2017-02-20,
2017-02-21,5865.950
2017-02-22,5860.630
2017-02-23,5835.510
2017-02-24,5845.310
2017-02-27,5861.900
2017-02-28,5825.440
2017-03-01,5904.030
2017-03-02,5861.220
2017-03-03,5870.750
2017-03-06,5849.170
2017-03-07,5833.930
2017-03-08,5837.550
2017-03-09,5838.810
2017-03-10,5861.730
2017-03-13,5875.780
2017-03-14,5856.820
2017-03-15,5900.050
2017-03-16,5900.760
2017-03-17,5901.000
2017-03-20,5901.530
2017-03-21,5793.830
2017-03-22,5821.640
2017-03-23,5817.690
2017-03-24,5828.740
2017-03-27,5840.370
2017-03-28,5875.140
2017-03-29,5897.550
2017-03-30,5914.340
2017-03-31,5911.740
2017-04-03,5894.680
2017-04-04,5898.610
2017-04-05,5864.480
2017-04-06,5878.950
2017-04-07,5877.810
2017-04-10,5880.930
2017-04-11,5866.770
2017-04-12,5836.160
2017-04-13,5805.150
2017-04-14,
2017-04-17,5856.790
2017-04-18,5849.470
2017-04-19,5863.030
2017-04-20,5916.780
2017-04-21,5910.520
2017-04-24,5983.820
2017-04-25,6025.490
2017-04-26,6025.230
2017-04-27,6048.940
2017-04-28,6047.610
2017-05-01,6091.600
2017-05-02,6095.370
2017-05-03,6072.550
2017-05-04,6075.340
2017-05-05,6100.760
2017-05-08,6102.660
2017-05-09,6120.590
2017-05-10,6129.140
2017-05-11,6115.960
2017-05-12,6121.230
2017-05-15,6149.670
2017-05-16,6169.870
2017-05-17,6011.240
2017-05-18,6055.130
2017-05-19,6083.700
2017-05-22,6133.620
2017-05-23,6138.710
2017-05-24,6163.020
2017-05-25,6205.260
2017-05-26,6210.190
2017-05-29,
2017-05-30,6203.190
2017-05-31,6198.520
2017-06-01,6246.830
2017-06-02,6305.800
2017-06-05,6295.680
2017-06-06,6275.060
2017-06-07,6297.380
2017-06-08,6321.760
2017-06-09,6207.920
2017-06-12,6175.460
2017-06-13,6220.370
2017-06-14,6194.890
2017-06-15,6165.500
2017-06-16,6151.760
2017-06-19,6239.010
2017-06-20,6188.030
2017-06-21,6233.950
2017-06-22,6236.690
2017-06-23,6265.250
2017-06-26,6247.150
2017-06-27,6146.620
2017-06-28,6234.410
2017-06-29,6144.350
2017-06-30,6140.420
2017-07-03,6110.060
2017-07-04,
2017-07-05,6150.860
2017-07-06,6089.460
2017-07-07,6153.080
2017-07-10,6176.390
2017-07-11,6193.300
2017-07-12,6261.170
2017-07-13,6274.440
2017-07-14,6312.470
2017-07-17,6314.430
2017-07-18,6344.310
2017-07-19,6385.040
2017-07-20,6390.000
2017-07-21,6387.750
2017-07-24,6410.810
2017-07-25,6412.170
2017-07-26,6422.750
2017-07-27,6382.190
2017-07-28,6374.680
2017-07-31,6348.120
2017-08-01,6362.940
2017-08-02,6362.650
2017-08-03,6340.340
2017-08-04,6351.560
2017-08-07,6383.770
2017-08-08,6370.460
2017-08-09,6352.330
2017-08-10,6216.870
2017-08-11,6256.560
2017-08-14,6340.230
2017-08-15,6333.010
2017-08-16,6345.110
2017-08-17,6221.910
2017-08-18,6216.530
2017-08-21,6213.130
2017-08-22,6297.480
2017-08-23,6278.410
2017-08-24,6271.330
2017-08-25,6265.640
2017-08-28,6283.020
2017-08-29,6301.890
2017-08-30,6368.310
2017-08-31,6428.660
2017-09-01,6435.330
2017-09-04,
2017-09-05,6375.570
2017-09-06,6393.310
2017-09-07,6397.870
2017-09-08,6360.190
2017-09-11,6432.260
2017-09-12,6454.280
2017-09-13,6460.190
2017-09-14,6429.080
2017-09-15,6448.470
2017-09-18,6454.640
2017-09-19,6461.320
2017-09-20,6456.040
2017-09-21,6422.690
2017-09-22,6426.920
2017-09-25,6370.590
2017-09-26,6380.160
2017-09-27,6453.260
2017-09-28,6453.450
2017-09-29,6495.960
2017-10-02,6516.720
2017-10-03,6531.710
2017-10-04,6534.630
2017-10-05,6585.360
2017-10-06,6590.180
2017-10-09,6579.730
2017-10-10,6587.250
2017-10-11,6603.550
2017-10-12,6591.510
2017-10-13,6605.800
2017-10-16,6624.000
2017-10-17,6623.660
2017-10-18,6624.220
2017-10-19,6605.070
2017-10-20,6629.050
2017-10-23,6586.830
2017-10-24,6598.430
2017-10-25,6563.890
2017-10-26,6556.770
2017-10-27,6701.260
2017-10-30,6698.960
2017-10-31,6727.670
2017-11-01,6716.530
2017-11-02,6714.940
2017-11-03,6764.440
2017-11-06,6786.440
2017-11-07,6767.780
2017-11-08,6789.120
2017-11-09,6750.050
2017-11-10,6750.940
2017-11-13,6757.600
2017-11-14,6737.870
2017-11-15,6706.210
2017-11-16,6793.290
2017-11-17,6782.790
2017-11-20,6790.710
2017-11-21,6862.480
2017-11-22,6867.360
2017-11-23,
2017-11-24,6889.160
2017-11-27,6878.520
2017-11-28,6912.360
2017-11-29,6824.340
2017-11-30,6873.970
2017-12-01,6847.590
2017-12-04,6775.370
2017-12-05,6762.210
2017-12-06,6776.380
2017-12-07,6812.840
2017-12-08,6840.080
2017-12-11,6875.080
2017-12-12,6862.320
2017-12-13,6875.800
2017-12-14,6856.530
2017-12-15,6936.580
2017-12-18,6994.760
2017-12-19,6963.850
2017-12-20,6960.960
2017-12-21,6965.360
2017-12-22,6959.960
2017-12-25,
2017-12-26,6936.250
2017-12-27,6939.340
2017-12-28,6950.160
2017-12-29,6903.390
2018-01-01,
2018-01-02,7006.900
2018-01-03,7065.530
2018-01-04,7077.910
2018-01-05,7136.560
2018-01-08,7157.390
2018-01-09,7163.580
2018-01-10,7153.570
2018-01-11,7211.780
2018-01-12,7261.060
2018-01-15,
2018-01-16,7223.690
2018-01-17,7298.280
2018-01-18,7296.050
2018-01-19,7336.380
2018-01-22,7408.030
2018-01-23,7460.290
2018-01-24,7415.060
2018-01-25,7411.160
2018-01-26,7505.770
2018-01-29,7466.510
2018-01-30,7402.480
2018-01-31,7411.480
2018-02-01,7385.860
2018-02-02,7240.950
2018-02-05,6967.530
2018-02-06,7115.880
2018-02-07,7051.980
2018-02-08,6777.160
2018-02-09,6874.490
2018-02-12,6981.960
2018-02-13,7013.510
2018-02-14,7143.620
2018-02-15,7256.430
2018-02-16,7239.470
2018-02-19,
2018-02-20,7234.310
2018-02-21,7218.230
2018-02-22,7210.090
2018-02-23,7337.390
2018-02-26,7421.460
2018-02-27,7330.350
2018-02-28,7273.010
2018-03-01,7180.560
2018-03-02,7257.870
2018-03-05,7330.700
2018-03-06,7372.010
2018-03-07,7396.650
2018-03-08,7427.950
2018-03-09,7560.810
2018-03-12,7588.320
2018-03-13,7511.010
2018-03-14,7496.810
2018-03-15,7481.740
2018-03-16,7481.990
2018-03-19,7344.240
2018-03-20,7364.300
2018-03-21,7345.290
2018-03-22,7166.680
2018-03-23,6992.670
2018-03-26,7220.540
2018-03-27,7008.810
2018-03-28,6949.230
2018-03-29,7063.440
2018-03-30,
2018-04-02,6870.120
2018-04-03,6941.280
2018-04-04,7042.110
2018-04-05,7076.550
2018-04-06,6915.110
2018-04-09,6950.340
2018-04-10,7094.300
2018-04-11,7069.030
2018-04-12,7140.250
2018-04-13,7106.650
2018-04-16,7156.280
2018-04-17,7281.100
2018-04-18,7295.240
2018-04-19,7238.060
2018-04-20,7146.130
2018-04-23,7128.600
2018-04-24,7007.350
2018-04-25,7003.740
2018-04-26,7118.680
2018-04-27,7119.800
2018-04-30,7066.270
2018-05-01,7130.700
2018-05-02,7100.900
2018-05-03,7088.150
2018-05-04,7209.620
2018-05-07,7265.210
2018-05-08,7266.900
2018-05-09,7339.910
2018-05-10,7404.970
2018-05-11,7402.880
2018-05-14,7411.320
2018-05-15,7351.630
2018-05-16,7398.300
2018-05-17,7382.470
2018-05-18,7354.340
2018-05-21,7394.040
2018-05-22,7378.460
2018-05-23,7425.960
2018-05-24,7424.430
2018-05-25,7433.850
2018-05-28,
2018-05-29,7396.590
2018-05-30,7462.450
2018-05-31,7442.120
2018-06-01,7554.330
2018-06-04,7606.460
2018-06-05,7637.860
2018-06-06,7689.240
2018-06-07,7635.070
2018-06-08,7645.510
2018-06-11,7659.930
2018-06-12,7703.790
2018-06-13,7695.700
2018-06-14,7761.040
2018-06-15,7746.380
2018-06-18,7747.030
2018-06-19,7725.590
2018-06-20,7781.510
2018-06-21,7712.950
2018-06-22,7692.820
2018-06-25,7532.010
2018-06-26,7561.630
2018-06-27,7445.080
2018-06-28,7503.680
2018-06-29,7510.300
2018-07-02,7567.690
2018-07-03,7502.670
2018-07-04,
2018-07-05,7586.430
2018-07-06,7688.390
2018-07-09,7756.200
2018-07-10,7759.200
2018-07-11,7716.610
2018-07-12,7823.920
2018-07-13,7825.980
2018-07-16,7805.720
2018-07-17,7855.120
2018-07-18,7854.440
2018-07-19,7825.300
2018-07-20,7820.200
2018-07-23,7841.870
2018-07-24,7840.770
2018-07-25,7932.240
2018-07-26,7852.180
2018-07-27,7737.420
2018-07-30,7630.000
2018-07-31,7671.790
2018-08-01,7707.290
2018-08-02,7802.690
2018-08-03,7812.010
2018-08-06,7859.680
2018-08-07,7883.660
2018-08-08,7888.330
2018-08-09,7891.780
2018-08-10,7839.110
2018-08-13,7819.710
2018-08-14,7870.890
2018-08-15,7774.120
2018-08-16,7806.520
2018-08-17,7816.330
2018-08-20,7821.010
2018-08-21,7859.170
2018-08-22,7889.100
2018-08-23,7878.460
2018-08-24,7945.980
2018-08-27,8017.900
2018-08-28,8030.040
2018-08-29,8109.690
2018-08-30,8088.360
2018-08-31,8109.540
2018-09-03,
2018-09-04,8091.250
2018-09-05,7995.170
2018-09-06,7922.730
2018-09-07,7902.540
2018-09-10,7924.160
2018-09-11,7972.470
2018-09-12,7954.230
2018-09-13,8013.710
2018-09-14,8010.040
2018-09-17,7895.790
2018-09-18,7956.110
2018-09-19,7950.040
2018-09-20,8028.230
2018-09-21,7986.960
2018-09-24,7993.250
2018-09-25,8007.470
2018-09-26,7990.370
2018-09-27,8041.970
2018-09-28,8046.350
2018-10-01,8037.300
2018-10-02,7999.550
2018-10-03,8025.090
2018-10-04,7879.510
2018-10-05,7788.450
2018-10-08,7735.950
2018-10-09,7738.020
2018-10-10,7422.050
2018-10-11,7329.060
2018-10-12,7496.890
2018-10-15,7430.740
2018-10-16,7645.490
2018-10-17,7642.700
2018-10-18,7485.140
2018-10-19,7449.030
2018-10-22,7468.630
2018-10-23,7437.540
2018-10-24,7108.400
2018-10-25,7318.340
2018-10-26,7167.210
2018-10-29,7050.290
2018-10-30,7161.650
2018-10-31,7305.900
2018-11-01,7434.060
2018-11-02,7356.990
2018-11-05,7328.850
2018-11-06,7375.960
2018-11-07,7570.750
2018-11-08,7530.880
2018-11-09,7406.900
2018-11-12,7200.870
2018-11-13,7200.870
2018-11-14,7136.390
2018-11-15,7259.030
2018-11-16,7247.870
2018-11-19,7028.480
2018-11-20,6908.820
2018-11-21,6972.250
2018-11-22,
2018-11-23,6938.980
2018-11-26,7081.850
2018-11-27,7082.700
2018-11-28,7291.590
2018-11-29,7273.080
2018-11-30,7330.540
2018-12-03,7441.510
2018-12-04,7158.430
2018-12-05,
2018-12-06,7188.260
2018-12-07,6969.250
2018-12-10,7020.520
2018-12-11,7031.830
2018-12-12,7098.310
2018-12-13,7070.330
2018-12-14,6910.660
2018-12-17,6753.730
2018-12-18,6783.910
2018-12-19,6636.830
2018-12-20,6528.410
2018-12-21,6332.990
2018-12-24,6192.920
2018-12-25,
2018-12-26,6554.360
2018-12-27,6579.490
2018-12-28,6584.520
2018-12-31,6635.280
2019-01-01,
2019-01-02,6665.940
2019-01-03,6463.500
2019-01-04,6738.860
2019-01-07,6823.470
2019-01-08,6897.000
2019-01-09,6957.080
2019-01-10,6986.070
2019-01-11,6971.480
2019-01-14,6905.920
2019-01-15,7023.830
2019-01-16,7034.690
2019-01-17,7084.460
2019-01-18,7157.230
2019-01-21,
2019-01-22,7020.360
2019-01-23,7025.770
2019-01-24,7073.460
2019-01-25,7164.860
2019-01-28,7085.680
2019-01-29,7028.290
2019-01-30,7183.080
2019-01-31,7281.740
2019-02-01,7263.870
2019-02-04,7347.540
2019-02-05,7402.080
2019-02-06,7375.280
2019-02-07,7288.350
2019-02-08,7298.200
2019-02-11,7307.900
2019-02-12,7414.620
2019-02-13,7420.380
2019-02-14,7426.950
2019-02-15,7472.410
2019-02-18,
2019-02-19,7486.770
2019-02-20,7489.070
2019-02-21,7459.710
2019-02-22,7527.540
2019-02-25,7554.460
2019-02-26,7549.300
2019-02-27,7554.510
2019-02-28,7532.530
2019-03-01,7595.350
2019-03-04,7577.570
2019-03-05,7576.360
2019-03-06,7505.920
2019-03-07,7421.460
2019-03-08,7408.140
2019-03-11,7558.060
2019-03-12,7591.030
2019-03-13,7643.410
2019-03-14,7630.910
2019-03-15,7688.530
2019-03-18,7714.480
2019-03-19,7723.950
2019-03-20,7728.970
2019-03-21,7838.960
2019-03-22,7642.670
2019-03-25,7637.540
2019-03-26,7691.520
2019-03-27,7643.380
2019-03-28,7669.170
2019-03-29,7729.320
2019-04-01,7828.910
2019-04-02,7848.690
2019-04-03,7895.550
2019-04-04,7891.780
2019-04-05,7938.690
2019-04-08,7953.880
2019-04-09,7909.280
2019-04-10,7964.240
2019-04-11,7947.360
2019-04-12,7984.160
2019-04-15,7976.010
2019-04-16,8000.230
2019-04-17,7996.080
2019-04-18,7998.060
2019-04-19,7998.063
2019-04-22,8015.270
2019-04-23,8120.820
2019-04-24,8102.010
2019-04-25,8106.290
2019-04-26,8133.960
2019-04-29,8149.390
2019-04-30,8095.390
2019-05-01,8049.640
2019-05-02,8036.770
2019-05-03,8164.000
2019-05-06,8123.290
2019-05-07,7963.760
2019-05-08,7943.320
2019-05-09,7910.590
2019-05-10,7916.940
2019-05-13,7647.020
2019-05-14,7734.490
2019-05-15,7822.150
2019-05-16,7898.050
2019-05-17,7816.280
2019-05-20,7702.380
2019-05-21,7785.720
2019-05-22,7750.840
2019-05-23,7628.280
2019-05-24,7637.010
2019-05-27,
2019-05-28,7607.350
2019-05-29,7547.310
2019-05-30,7567.720
2019-05-31,7453.150
2019-06-03,7333.020
2019-06-04,7527.120
2019-06-05,7575.480
2019-06-06,7615.550
2019-06-07,7742.100
2019-06-10,7823.170
2019-06-11,7822.570
2019-06-12,7792.720
2019-06-13,7837.130
2019-06-14,7796.660
2019-06-17,7845.020
2019-06-18,7953.880
2019-06-19,7987.320
2019-06-20,8051.340
2019-06-21,8031.710
2019-06-24,8005.700
2019-06-25,7884.720
2019-06-26,7909.970
2019-06-27,7967.760
2019-06-28,8006.240
2019-07-01,8091.160
2019-07-02,8109.090
2019-07-03,8170.230
2019-07-04,
2019-07-05,8161.790
2019-07-08,8098.380
2019-07-09,8141.730
2019-07-10,8202.530
2019-07-11,8196.040
2019-07-12,8244.140
2019-07-15,8258.190
2019-07-16,8222.800
2019-07-17,8185.210
2019-07-18,8207.240
2019-07-19,8146.490
2019-07-22,8204.140
2019-07-23,8251.400
2019-07-24,8321.500
2019-07-25,8238.540
2019-07-26,8330.210
2019-07-29,8293.330
2019-07-30,8273.610
2019-07-31,8175.420
2019-08-01,8111.120
2019-08-02,8004.070
2019-08-05,7726.040
2019-08-06,7833.270
2019-08-07,7862.830
2019-08-08,8039.160
2019-08-09,7959.140
2019-08-12,7863.410
2019-08-13,8016.360
2019-08-14,7773.940
2019-08-15,7766.620
2019-08-16,7895.990
2019-08-19,8002.810
2019-08-20,7948.560
2019-08-21,8020.210
2019-08-22,7991.390
2019-08-23,7751.770
2019-08-26,7853.740
2019-08-27,7826.950
2019-08-28,7856.880
2019-08-29,7973.390
2019-08-30,7962.880
2019-09-02,
2019-09-03,7874.160
2019-09-04,7976.880
2019-09-05,8116.830
2019-09-06,8103.070
2019-09-09,8087.440
2019-09-10,8084.160
2019-09-11,8169.680
2019-09-12,8194.470
2019-09-13,8176.710
2019-09-16,8153.540
2019-09-17,8186.020
2019-09-18,8177.390
2019-09-19,8182.880
2019-09-20,8117.670
2019-09-23,8112.460
2019-09-24,7993.630
2019-09-25,8077.380
2019-09-26,8030.660
2019-09-27,7939.630
2019-09-30,7999.330
2019-10-01,7908.670
2019-10-02,7785.230
2019-10-03,7872.250
2019-10-04,7982.460
2019-10-07,7956.280
2019-10-08,7823.760
2019-10-09,7903.730
2019-10-10,7950.770
2019-10-11,8057.040
2019-10-14,8048.650
2019-10-15,8148.710
2019-10-16,8124.180
2019-10-17,8156.850
2019-10-18,8089.540
2019-10-21,8162.990
2019-10-22,8104.300
2019-10-23,8119.790
2019-10-24,8185.800
2019-10-25,8243.120
2019-10-28,8325.990
2019-10-29,8276.850
2019-10-30,8303.980
2019-10-31,8292.360
2019-11-01,8386.400
2019-11-04,8433.200
2019-11-05,8434.680
2019-11-06,8410.630
2019-11-07,8434.520
2019-11-08,8475.310
2019-11-11,8464.280
2019-11-12,8486.090
2019-11-13,8482.100
2019-11-14,8479.020
2019-11-15,8540.830
2019-11-18,8549.940
2019-11-19,8570.660
2019-11-20,8526.730
2019-11-21,8506.210
2019-11-22,8519.880
2019-11-25,8632.490
2019-11-26,8647.930
2019-11-27,8705.180
2019-11-28,
2019-11-29,8665.470
2019-12-02,8567.990
2019-12-03,8520.640
2019-12-04,8566.670
2019-12-05,8570.700
2019-12-06,8656.530
2019-12-09,8621.830
2019-12-10,8616.180
2019-12-11,8654.050
2019-12-12,8717.320
2019-12-13,8734.880
2019-12-16,8814.230
2019-12-17,8823.360
2019-12-18,8827.730
2019-12-19,8887.220
2019-12-20,8924.960
2019-12-23,8945.650
2019-12-24,8952.880
2019-12-25,
2019-12-26,9022.390
2019-12-27,9006.620
2019-12-30,8945.990
2019-12-31,8972.600
2020-01-01,
2020-01-02,9092.190
2020-01-03,9020.770
2020-01-06,9071.460
2020-01-07,9068.580
2020-01-08,9129.240
2020-01-09,9203.430
2020-01-10,9178.860
2020-01-13,9273.930
2020-01-14,9251.330
2020-01-15,9258.700
2020-01-16,9357.130
2020-01-17,9388.940
2020-01-20,
2020-01-21,9370.810
2020-01-22,9383.770
2020-01-23,9402.480
2020-01-24,9314.910
2020-01-27,9139.310
2020-01-28,9269.680
2020-01-29,9275.160
2020-01-30,9298.930
2020-01-31,9150.940
2020-02-03,9273.400
2020-02-04,9467.970
2020-02-05,9508.680
2020-02-06,9572.150
2020-02-07,9520.510
2020-02-10,9628.390
2020-02-11,9638.940
2020-02-12,9725.960
2020-02-13,9711.970
2020-02-14,9731.180
2020-02-17,
2020-02-18,9732.740
2020-02-19,9817.180
2020-02-20,9750.960
2020-02-21,9576.590
2020-02-24,9221.280
2020-02-25,8965.610
2020-02-26,8980.770
2020-02-27,8566.480
2020-02-28,8567.370
2020-03-02,8952.160
2020-03-03,8684.090
2020-03-04,9018.090
2020-03-05,8738.600
2020-03-06,8575.620
2020-03-09,7950.680
2020-03-10,8344.250
2020-03-11,7952.050
2020-03-12,7201.800
2020-03-13,7874.880
2020-03-16,6904.590
2020-03-17,7334.780
2020-03-18,6989.840
2020-03-19,7150.580
2020-03-20,6879.520
2020-03-23,6860.670
2020-03-24,7417.860
2020-03-25,7384.300
2020-03-26,7797.540
2020-03-27,7502.380
2020-03-30,7774.150
2020-03-31,7700.100
2020-04-01,7360.580
2020-04-02,7487.310
2020-04-03,7373.080
2020-04-06,7913.240
2020-04-07,7887.260
2020-04-08,8090.900
2020-04-09,8153.580
2020-04-10,
2020-04-13,8192.420
2020-04-14,8515.740
2020-04-15,8393.180
2020-04-16,8532.360
2020-04-17,8650.140
2020-04-20,8560.730
2020-04-21,8263.230
2020-04-22,8495.380
2020-04-23,8494.750
2020-04-24,8634.520
2020-04-27,8730.160
2020-04-28,8607.730
2020-04-29,8914.710
2020-04-30,8889.550
2020-05-01,8604.950
2020-05-04,8710.710
2020-05-05,8809.120
2020-05-06,8854.390
2020-05-07,8979.660
2020-05-08,9121.320
2020-05-11,9192.340
2020-05-12,9002.550
2020-05-13,8863.170
2020-05-14,8943.720
2020-05-15,9014.560
2020-05-18,9234.830
2020-05-19,9185.100
2020-05-20,9375.780
2020-05-21,9284.880
2020-05-22,9324.590
2020-05-25,
2020-05-26,9340.220
2020-05-27,9412.360
2020-05-28,9368.990
2020-05-29,9489.870
2020-06-01,9552.050
2020-06-02,9608.370
2020-06-03,9682.910
2020-06-04,9615.810
2020-06-05,9814.080
2020-06-08,9924.740
2020-06-09,9953.750
2020-06-10,10020.350
2020-06-11,9492.730
2020-06-12,9588.810
2020-06-15,9726.020
2020-06-16,9895.870
2020-06-17,9910.530
2020-06-18,9943.050
2020-06-19,9946.120
2020-06-22,10056.470
2020-06-23,10131.370
2020-06-24,9909.170
2020-06-25,10017.000
2020-06-26,9757.220
2020-06-29,9874.150
2020-06-30,10058.770
2020-07-01,10154.630
2020-07-02,10207.630
2020-07-03,
2020-07-06,10433.650
2020-07-07,10343.890
2020-07-08,10492.500
2020-07-09,10547.750
2020-07-10,10617.440
2020-07-13,10390.840
2020-07-14,10488.580
2020-07-15,10550.490
2020-07-16,10473.830
2020-07-17,10503.190
2020-07-20,10767.090
2020-07-21,10680.360
2020-07-22,10706.130
2020-07-23,10461.420
2020-07-24,10363.180
2020-07-27,10536.270
2020-07-28,10402.090
2020-07-29,10542.940
2020-07-30,10587.810
2020-07-31,10745.270
2020-08-03,10902.800
2020-08-04,10941.170
2020-08-05,10998.400
2020-08-06,11108.070
2020-08-07,11010.980
2020-08-10,10968.360
2020-08-11,10782.820
2020-08-12,11012.240
2020-08-13,11042.500
2020-08-14,11019.300
2020-08-17,11129.730
2020-08-18,11210.840
2020-08-19,11146.460
2020-08-20,11264.950
2020-08-21,11311.800
2020-08-24,11379.720
2020-08-25,11466.470
2020-08-26,11665.060
2020-08-27,11625.340
2020-08-28,11695.630
2020-08-31,11775.460
2020-09-01,11939.670
2020-09-02,12056.440
2020-09-03,11458.100
2020-09-04,11313.130
2020-09-07,
2020-09-08,10847.690
2020-09-09,11141.560
2020-09-10,10919.590
2020-09-11,10853.550
2020-09-14,11056.650
2020-09-15,11190.320
2020-09-16,11050.470
2020-09-17,10910.280
2020-09-18,10793.280
2020-09-21,10778.940
2020-09-22,10963.770
2020-09-23,10633.150
2020-09-24,10672.430
2020-09-25,10913.730
2020-09-28,11117.700
2020-09-29,11085.420
2020-09-30,11167.680
2020-10-01,11326.610
2020-10-02,11075.110
2020-10-05,11332.580
2020-10-06,11154.700
2020-10-07,11364.700
2020-10-08,11421.080
2020-10-09,11580.050
2020-10-12,11876.360
2020-10-13,11864.000
2020-10-14,11768.830
2020-10-15,11713.970
2020-10-16,11671.660
2020-10-19,11478.980
2020-10-20,11516.490
2020-10-21,11484.690
2020-10-22,11506.010
2020-10-23,11548.280
2020-10-26,11358.940
2020-10-27,11431.350
2020-10-28,11004.870
2020-10-29,11185.590
2020-10-30,10911.590
2020-11-02,10957.610
2020-11-03,11160.570
2020-11-04,11590.780
2020-11-05,11890.930
2020-11-06,11895.230
2020-11-09,11713.780
2020-11-10,11553.860
2020-11-11,11786.430
2020-11-12,11709.590
2020-11-13,11829.290
2020-11-16,11924.130
2020-11-17,11899.340
2020-11-18,11801.600
2020-11-19,11904.710
2020-11-20,11854.970
2020-11-23,11881.170
2020-11-24,12037.330
2020-11-25,12094.400
2020-11-26,
2020-11-27,12205.850
2020-11-30,12198.740
2020-12-01,12355.110
2020-12-02,12349.370
2020-12-03,12377.180
2020-12-04,12464.230
2020-12-07,12519.950
2020-12-08,12582.770
2020-12-09,12338.950
2020-12-10,12405.810
2020-12-11,12377.870
2020-12-14,12440.040
2020-12-15,12595.060
2020-12-16,12658.190
2020-12-17,12764.750
2020-12-18,12755.640
2020-12-21,12742.520
2020-12-22,12807.920
2020-12-23,12771.110
2020-12-24,12804.730
2020-12-25,
2020-12-28,12899.420
2020-12-29,12850.220
2020-12-30,12870.000
2020-12-31,12888.280
2021-01-01,
2021-01-04,12698.450
2021-01-05,12818.960
2021-01-06,12740.790
2021-01-07,13067.480
2021-01-08,13201.980
2021-01-11,13036.430
2021-01-12,13072.430
2021-01-13,13128.950
2021-01-14,13112.640
2021-01-15,12998.500
2021-01-18,
2021-01-19,13197.180
2021-01-20,13457.250
2021-01-21,13530.910
2021-01-22,13543.060
2021-01-25,13635.990
2021-01-26,13626.060
2021-01-27,13270.600
2021-01-28,13337.160
2021-01-29,13070.690
2021-02-01,13403.390
2021-02-02,13612.780
2021-02-03,13610.540
2021-02-04,13777.740
2021-02-05,13856.300
2021-02-08,13987.640
2021-02-09,14007.700
2021-02-10,13972.530
2021-02-11,14025.770
2021-02-12,14095.470
2021-02-15,
2021-02-16,14047.500
2021-02-17,13965.500
2021-02-18,13865.360
2021-02-19,13874.470
2021-02-22,13533.050
2021-02-23,13465.200
2021-02-24,13597.970
2021-02-25,13119.430
2021-02-26,13192.350
2021-03-01,13588.830
2021-03-02,13358.790
2021-03-03,12997.750
2021-03-04,12723.470
2021-03-05,12920.150
2021-03-08,12609.160
2021-03-09,13073.820
2021-03-10,13068.830
2021-03-11,13398.670
2021-03-12,13319.860
2021-03-15,13459.710
2021-03-16,13471.570
2021-03-17,13525.200
2021-03-18,13116.170
2021-03-19,13215.240
2021-03-22,13377.540
2021-03-23,13227.700
2021-03-24,12961.890
2021-03-25,12977.680
2021-03-26,13138.720
2021-03-29,13059.650
2021-03-30,13045.390
2021-03-31,13246.870
2021-04-01,13480.110
2021-04-02,
2021-04-05,13705.590
2021-04-06,13698.380
2021-04-07,13688.840
2021-04-08,13829.310
2021-04-09,13900.190
2021-04-12,13850.000
2021-04-13,13996.100
2021-04-14,13857.840
2021-04-15,14038.760
2021-04-16,14052.340
2021-04-19,13914.770
2021-04-20,13786.270
2021-04-21,13950.220
2021-04-22,13818.410
2021-04-23,14016.810
2021-04-26,14138.780
2021-04-27,14090.220
2021-04-28,14051.030
2021-04-29,14082.550
2021-04-30,13962.680
2021-05-03,13895.120
2021-05-04,13633.500
2021-05-05,13582.420
2021-05-06,13632.840
2021-05-07,13752.240
2021-05-10,13401.860
2021-05-11,13389.430
2021-05-12,13031.680
2021-05-13,13124.990
2021-05-14,13429.980
2021-05-17,13379.050
2021-05-18,13303.640
2021-05-19,13299.740
2021-05-20,13535.740
2021-05-21,13470.990
2021-05-24,13661.170
2021-05-25,13657.170
2021-05-26,13738.000
2021-05-27,13736.280
2021-05-28,13748.740
2021-05-31,
2021-06-01,13736.480
2021-06-02,13756.330
2021-06-03,13614.510
2021-06-04,13814.490
2021-06-07,13881.720
2021-06-08,13924.910
2021-06-09,13911.750
2021-06-10,14020.330
2021-06-11,14069.420
2021-06-14,14174.140
2021-06-15,14072.860
2021-06-16,14039.680
2021-06-17,14161.350
2021-06-18,14030.380
2021-06-21,14141.480
2021-06-22,14253.270
2021-06-23,14271.730
2021-06-24,14369.710
2021-06-25,14360.390
2021-06-28,14500.510
2021-06-29,14528.330
2021-06-30,14503.950
2021-07-01,14522.380
2021-07-02,14639.330
2021-07-05,
2021-07-06,14663.640
2021-07-07,14665.060
2021-07-08,14559.780
2021-07-09,14701.920
2021-07-12,14733.240
2021-07-13,14677.650
2021-07-14,14644.950
2021-07-15,14543.130
2021-07-16,14427.240
2021-07-19,14274.980
2021-07-20,14498.880
2021-07-21,14631.950
2021-07-22,14684.600
2021-07-23,14836.990
2021-07-26,14840.710
2021-07-27,14660.580
2021-07-28,14762.580
2021-07-29,14778.260
2021-07-30,14672.680
2021-08-02,14681.070
2021-08-03,14761.290
2021-08-04,14780.530
2021-08-05,14895.120
2021-08-06,14835.760
2021-08-09,14860.180
2021-08-10,14788.090
2021-08-11,14765.140
2021-08-12,14816.260
2021-08-13,14822.900
2021-08-16,14793.760
2021-08-17,14656.180
2021-08-18,14525.910
2021-08-19,14541.790
2021-08-20,14714.660
2021-08-23,14942.650
2021-08-24,15019.800
2021-08-25,15041.860
2021-08-26,14945.810
2021-08-27,15129.500
2021-08-30,15265.890
2021-08-31,15259.240
2021-09-01,15309.380
2021-09-02,15331.180
2021-09-03,15363.520
2021-09-06,
2021-09-07,15374.330
2021-09-08,15286.640
2021-09-09,15248.250
2021-09-10,15115.490
2021-09-13,15105.580
2021-09-14,15037.760
2021-09-15,15161.530
2021-09-16,15181.920
2021-09-17,15043.970
2021-09-20,14713.900
2021-09-21,14746.400
2021-09-22,14896.850
2021-09-23,15052.240
2021-09-24,15047.700
2021-09-27,14969.970
2021-09-28,14546.680
2021-09-29,14512.440
2021-09-30,14448.580
2021-10-01,14566.700
2021-10-04,14255.480
2021-10-05,14433.830
2021-10-06,14501.910
2021-10-07,14654.020
2021-10-08,14579.540
2021-10-11,14486.200
2021-10-12,14465.920
2021-10-13,14571.640
2021-10-14,14823.430
2021-10-15,14897.340
2021-10-18,15021.810
2021-10-19,15129.090
2021-10-20,15121.680
2021-10-21,15215.700
2021-10-22,15090.200
2021-10-25,15226.710
2021-10-26,15235.710
2021-10-27,15235.840
2021-10-28,15448.120
2021-10-29,15498.390
2021-11-01,15595.920
2021-11-02,15649.600
2021-11-03,15811.580
2021-11-04,15940.310
2021-11-05,15971.590
2021-11-08,15982.360
2021-11-09,15886.540
2021-11-10,15622.710
2021-11-11,15704.280
2021-11-12,15860.960
2021-11-15,15853.850
2021-11-16,15973.860
2021-11-17,15921.570
2021-11-18,15993.710
2021-11-19,16057.440
2021-11-22,15854.760
2021-11-23,15775.140
2021-11-24,15845.230
2021-11-25,
2021-11-26,15491.660
2021-11-29,15782.830
2021-11-30,15537.690
2021-12-01,15254.050
2021-12-02,15381.320
2021-12-03,15085.470
2021-12-06,15225.150
2021-12-07,15686.920
2021-12-08,15786.990
2021-12-09,15517.370
2021-12-10,15630.600
2021-12-13,15413.280
2021-12-14,15237.640
2021-12-15,15565.580
2021-12-16,15180.430
2021-12-17,15169.680
2021-12-20,14980.940
2021-12-21,15341.090
2021-12-22,15521.890
2021-12-23,15653.370
2021-12-24,
2021-12-27,15871.260
2021-12-28,15781.720
2021-12-29,15766.220
2021-12-30,15741.560
2021-12-31,15644.970
2022-01-03,15832.800
2022-01-04,15622.720
2022-01-05,15100.170
2022-01-06,15080.860
2022-01-07,14935.900
2022-01-10,14942.830
2022-01-11,15153.450
2022-01-12,15188.390
2022-01-13,14806.810
2022-01-14,14893.750
2022-01-17,
2022-01-18,14506.900
2022-01-19,14340.260
2022-01-20,14154.020
2022-01-21,13768.920
2022-01-24,13855.130
2022-01-25,13539.290
2022-01-26,13542.120
2022-01-27,13352.780
2022-01-28,13770.570
2022-01-31,14239.880
2022-02-01,14346.000
2022-02-02,14417.550
2022-02-03,13878.820
2022-02-04,14098.010
2022-02-07,14015.670
2022-02-08,14194.450
2022-02-09,14490.370
2022-02-10,14185.640
2022-02-11,13791.150
2022-02-14,13790.920
2022-02-15,14139.760
2022-02-16,14124.090
2022-02-17,13716.720
2022-02-18,13548.070
2022-02-21,
2022-02-22,13381.520
2022-02-23,13037.490
2022-02-24,13473.590
2022-02-25,13694.620
2022-02-28,13751.400
2022-03-01,13532.460
2022-03-02,13752.020
2022-03-03,13537.940
2022-03-04,13313.440
2022-03-07,12830.960
2022-03-08,12795.550
2022-03-09,13255.550
2022-03-10,13129.960
2022-03-11,12843.810
2022-03-14,12581.220
2022-03-15,12948.620
2022-03-16,13436.550
2022-03-17,13614.780
2022-03-18,13893.840
2022-03-21,13838.460
2022-03-22,14108.820
2022-03-23,13922.600
2022-03-24,14191.840
2022-03-25,14169.300
2022-03-28,14354.900
2022-03-29,14619.640
2022-03-30,14442.270
2022-03-31,14220.520
2022-04-01,14261.500
2022-04-04,14532.550
2022-04-05,14204.170
2022-04-06,13888.820
2022-04-07,13897.300
2022-04-08,13711.000
2022-04-11,13411.960
2022-04-12,13371.570
2022-04-13,13643.590
2022-04-14,13351.080
2022-04-15,
2022-04-18,13332.360
2022-04-19,13619.660
2022-04-20,13453.070
2022-04-21,13174.650
2022-04-22,12839.290
2022-04-25,13004.850
2022-04-26,12490.740
2022-04-27,12488.930
2022-04-28,12871.530
2022-04-29,12334.640
2022-05-02,12536.020
2022-05-03,12563.760
2022-05-04,12964.860
2022-05-05,12317.690
2022-05-06,12144.660
2022-05-09,11623.250
2022-05-10,11737.670
2022-05-11,11364.240
2022-05-12,11370.960
2022-05-13,11805.000
2022-05-16,11662.790
2022-05-17,11984.520
2022-05-18,11418.150
2022-05-19,11388.500
2022-05-20,11354.620
2022-05-23,11535.270
2022-05-24,11264.450
2022-05-25,11434.740
2022-05-26,11740.650
2022-05-27,12131.130
2022-05-30,
2022-05-31,12081.390
2022-06-01,11994.460
2022-06-02,12316.900
2022-06-03,12012.730
2022-06-06,12061.370
2022-06-07,12175.230
2022-06-08,12086.270
2022-06-09,11754.230
2022-06-10,11340.020
2022-06-13,10809.230
2022-06-14,10828.350
2022-06-15,11099.150
2022-06-16,10646.100
2022-06-17,10798.350
2022-06-20,
2022-06-21,11069.300
2022-06-22,11053.080
2022-06-23,11232.190
2022-06-24,11607.620
2022-06-27,11524.550
2022-06-28,11181.540
2022-06-29,11177.890
2022-06-30,11028.740
2022-07-01,11127.850
2022-07-04,
2022-07-05,11322.240
2022-07-06,11361.850
2022-07-07,11621.350
2022-07-08,11635.310
2022-07-11,11372.600
2022-07-12,11264.730
2022-07-13,11247.580
2022-07-14,11251.190
2022-07-15,11452.420
2022-07-18,11360.050
2022-07-19,11713.150
2022-07-20,11897.650
2022-07-21,12059.610
2022-07-22,11834.110
2022-07-25,11782.670
2022-07-26,11562.570
2022-07-27,12032.420
2022-07-28,12162.590
2022-07-29,12390.690
2022-08-01,12368.980
2022-08-02,12348.760
2022-08-03,12668.160
2022-08-04,12720.580
2022-08-05,12657.550
2022-08-08,12644.460
2022-08-09,12493.930
2022-08-10,12854.800
2022-08-11,12779.910
2022-08-12,13047.190
2022-08-15,13128.050
2022-08-16,13102.550
2022-08-17,12938.120
2022-08-18,12965.340
2022-08-19,12705.220
2022-08-22,12381.570
2022-08-23,12381.300
2022-08-24,12431.530
2022-08-25,12639.270
2022-08-26,12141.710
2022-08-29,12017.670
2022-08-30,11883.140
2022-08-31,11816.200
2022-09-01,11785.130
2022-09-02,11630.860
2022-09-05,
2022-09-06,11544.910
2022-09-07,11791.900
2022-09-08,11862.130
2022-09-09,12112.310
2022-09-12,12266.410
2022-09-13,11633.570
2022-09-14,11719.680
2022-09-15,11552.360
2022-09-16,11448.400
2022-09-19,11535.020
2022-09-20,11425.050
2022-09-21,11220.190
2022-09-22,11066.810
2022-09-23,10867.930
2022-09-26,10802.920
2022-09-27,10829.500
2022-09-28,11051.640
2022-09-29,10737.510
2022-09-30,10575.620
2022-10-03,10815.430
2022-10-04,11176.410
2022-10-05,11148.640
2022-10-06,11073.310
2022-10-07,10652.400
2022-10-10,10542.100
2022-10-11,10426.190
2022-10-12,10417.100
2022-10-13,10649.150
2022-10-14,10321.390
2022-10-17,10675.800
2022-10-18,10772.400
2022-10-19,10680.510
2022-10-20,10614.840
2022-10-21,10859.720
2022-10-24,10952.610
2022-10-25,11199.120
2022-10-26,10970.990
2022-10-27,10792.670
2022-10-28,11102.450
2022-10-31,10988.150
2022-11-01,10890.850
2022-11-02,10524.800
2022-11-03,10342.940
2022-11-04,10475.250
2022-11-07,10564.520
2022-11-08,10616.200
2022-11-09,10353.170
2022-11-10,11114.150
2022-11-11,11323.330
2022-11-14,11196.220
2022-11-15,11358.410
2022-11-16,11183.660
2022-11-17,11144.960
2022-11-18,11146.060
2022-11-21,11024.510
2022-11-22,11174.410
2022-11-23,11285.320
2022-11-24,
2022-11-25,11226.360
2022-11-28,11049.500
2022-11-29,10983.780
2022-11-30,11468.000
2022-12-01,11482.450
2022-12-02,11461.500
2022-12-05,11239.940
2022-12-06,11014.890
2022-12-07,10958.550
2022-12-08,11082.000
2022-12-09,11004.620
2022-12-12,11143.740
2022-12-13,11256.810
2022-12-14,11170.890
2022-12-15,10810.530
2022-12-16,10705.410
2022-12-19,10546.030
2022-12-20,10547.110
2022-12-21,10709.370
2022-12-22,10476.120
2022-12-23,10497.860
2022-12-26,
2022-12-27,10353.230
2022-12-28,10213.290
2022-12-29,10478.090
2022-12-30,10466.480
2023-01-02,
2023-01-03,10386.980
2023-01-04,10458.760
2023-01-05,10305.240
2023-01-06,10569.290
2023-01-09,10635.650
2023-01-10,10742.630
2023-01-11,10931.670
2023-01-12,11001.100
2023-01-13,11079.160
2023-01-16,
2023-01-17,11095.110
2023-01-18,10957.010
2023-01-19,10852.270
2023-01-20,11140.430
2023-01-23,11364.410
2023-01-24,11334.270
2023-01-25,11313.360
2023-01-26,11512.410
2023-01-27,11621.710
2023-01-30,11393.810
2023-01-31,11584.550
2023-02-01,11816.320
2023-02-02,12200.820
2023-02-03,12006.950
2023-02-06,11887.450
2023-02-07,12113.790
2023-02-08,11910.520
2023-02-09,11789.580
2023-02-10,11718.120
2023-02-13,11891.790
2023-02-14,11960.150
2023-02-15,12070.590
2023-02-16,11855.830
2023-02-17,11787.270
2023-02-20,
2023-02-21,11492.300
2023-02-22,11507.070
2023-02-23,11590.400
2023-02-24,11394.940
2023-02-27,11466.980
2023-02-28,11455.540
2023-03-01,11379.480
2023-03-02,11462.980
2023-03-03,11689.010
2023-03-06,11675.740
2023-03-07,11530.330
2023-03-08,11576.000
2023-03-09,11338.350
2023-03-10,11138.890
2023-03-13,11188.840
2023-03-14,11428.150
2023-03-15,11434.050
2023-03-16,11717.280
2023-03-17,11630.510
2023-03-20,11675.540
2023-03-21,11860.110
2023-03-22,11669.960
2023-03-23,11787.400
2023-03-24,11823.960
2023-03-27,11768.840
2023-03-28,11716.080
2023-03-29,11926.240
2023-03-30,12013.470
2023-03-31,12221.910
2023-04-03,12189.450
2023-04-04,12126.330
2023-04-05,11996.860
2023-04-06,12087.960
2023-04-07,
2023-04-10,12084.360
2023-04-11,12031.880
2023-04-12,11929.340
2023-04-13,12166.270
2023-04-14,12123.470
2023-04-17,12157.720
2023-04-18,12153.410
2023-04-19,12157.230
2023-04-20,12059.560
2023-04-21,12072.460
2023-04-24,12037.200
2023-04-25,11799.160
2023-04-26,11854.350
2023-04-27,12142.240
2023-04-28,12226.580
2023-05-01,12212.600
2023-05-02,12080.510
2023-05-03,12025.330
2023-05-04,11966.400
2023-05-05,12235.410
2023-05-08,12256.920
2023-05-09,12179.550
2023-05-10,12306.440
2023-05-11,12328.510
2023-05-12,12284.740
2023-05-15,12365.210
2023-05-16,12343.050
2023-05-17,12500.570
2023-05-18,12688.840
2023-05-19,12657.900
2023-05-22,12720.780
2023-05-23,12560.250
2023-05-24,12484.160
2023-05-25,12698.090
2023-05-26,12975.690
2023-05-29,
2023-05-30,13017.430
2023-05-31,12935.290
2023-06-01,13100.980
2023-06-02,13240.770
2023-06-05,13229.430
2023-06-06,13276.420
2023-06-07,13104.890
2023-06-08,13238.520
2023-06-09,13259.140
2023-06-12,13461.920
2023-06-13,13573.320
2023-06-14,13626.480
2023-06-15,13782.820
2023-06-16,13689.570
2023-06-19,
2023-06-20,13667.290
2023-06-21,13502.200
2023-06-22,13630.610
2023-06-23,13492.520
2023-06-26,13335.780
2023-06-27,13555.670
2023-06-28,13591.750
2023-06-29,13591.330
2023-06-30,13787.920
2023-07-03,13816.770
2023-07-04,
2023-07-05,13791.650
2023-07-06,13679.040
2023-07-07,13660.720
2023-07-10,13685.480
2023-07-11,13760.700
2023-07-12,13918.960
2023-07-13,14138.570
2023-07-14,14113.700
2023-07-17,14244.950
2023-07-18,14353.640
2023-07-19,14358.020
2023-07-20,14063.310
2023-07-21,14032.810
2023-07-24,14058.870
2023-07-25,14144.560
2023-07-26,14127.280
2023-07-27,14050.110
2023-07-28,14316.660
2023-07-31,14346.020
2023-08-01,14283.910
2023-08-02,13973.450
2023-08-03,13959.720
2023-08-04,13892.070
2023-08-07,13977.120
2023-08-08,13867.190
2023-08-09,13705.080
2023-08-10,13721.030
2023-08-11,13644.850
2023-08-14,13788.330
2023-08-15,13631.050
2023-08-16,13474.630
2023-08-17,13316.930
2023-08-18,13290.780
2023-08-21,13497.590
2023-08-22,13505.870
2023-08-23,13721.030
2023-08-24,13463.970
2023-08-25,13590.650
2023-08-28,13705.130
2023-08-29,13943.760
2023-08-30,14019.310
2023-08-31,14034.970
2023-09-01,14031.810
2023-09-04,
2023-09-05,14020.950
2023-09-06,13872.470
2023-09-07,13748.830
2023-09-08,13761.530
2023-09-11,13917.910
2023-09-12,13773.630
2023-09-13,13813.590
2023-09-14,13926.050
2023-09-15,13708.330
2023-09-18,13710.240
2023-09-19,13678.190
2023-09-20,13469.130
2023-09-21,13223.980
2023-09-22,13211.810
2023-09-25,13271.320
2023-09-26,13063.610
2023-09-27,13092.850
2023-09-28,13201.280
2023-09-29,13219.320
2023-10-02,13307.770
2023-10-03,13059.470
2023-10-04,13236.010
2023-10-05,13219.830
2023-10-06,13431.340
2023-10-09,13484.240
2023-10-10,13562.840
2023-10-11,13659.680
2023-10-12,13574.220
2023-10-13,13407.230
2023-10-16,13567.980
2023-10-17,13533.750
2023-10-18,13314.300
2023-10-19,13186.180
2023-10-20,12983.810
2023-10-23,13018.330
2023-10-24,13139.870
2023-10-25,12821.220
2023-10-26,12595.610
2023-10-27,12643.010
2023-10-30,12789.480
2023-10-31,12851.240
2023-11-01,13061.470
2023-11-02,13294.190
2023-11-03,13478.280
2023-11-06,13518.780
2023-11-07,13639.860
2023-11-08,13650.410
2023-11-09,13521.450
2023-11-10,13798.110
2023-11-13,13767.740
2023-11-14,14094.380
2023-11-15,14103.840
2023-11-16,14113.670
2023-11-17,14125.480
2023-11-20,14284.530
2023-11-21,14199.980
2023-11-22,14265.860
2023-11-23,
2023-11-24,14250.850
2023-11-27,14241.020
2023-11-28,14281.760
2023-11-29,14258.490
2023-11-30,14226.220
2023-12-01,14305.030
2023-12-04,14185.490
2023-12-05,14229.910
2023-12-06,14146.710
2023-12-07,14339.990
2023-12-08,14403.970
2023-12-11,14432.490
2023-12-12,14533.400
2023-12-13,14733.960
2023-12-14,14761.560
2023-12-15,14813.920
2023-12-18,14905.190
2023-12-19,15003.220
2023-12-20,14777.940
2023-12-21,14963.870
2023-12-22,14992.970
2023-12-25,
2023-12-26,15074.570
2023-12-27,15099.180
2023-12-28,15095.140
2023-12-29,15011.350
2024-01-01,
2024-01-02,14765.940
2024-01-03,14592.210
2024-01-04,14510.300
2024-01-05,14524.070
2024-01-08,14843.770
2024-01-09,14857.710
2024-01-10,14969.650
2024-01-11,14970.190
2024-01-12,14972.760
2024-01-15,
2024-01-16,14944.350
2024-01-17,14855.620
2024-01-18,15055.650
2024-01-19,15310.970
2024-01-22,15360.290
2024-01-23,15425.940
2024-01-24,15481.920
2024-01-25,15510.500
2024-01-26,15455.360
2024-01-29,15628.040
2024-01-30,15509.900
2024-01-31,15164.010
2024-02-01,15361.640
2024-02-02,15628.950
2024-02-05,15597.680
2024-02-06,15609.000
2024-02-07,15756.640
2024-02-08,15793.710
2024-02-09,15990.660
2024-02-12,15942.550
2024-02-13,15655.600
2024-02-14,15859.150
2024-02-15,15906.170
2024-02-16,15775.650
2024-02-19,
2024-02-20,15630.780
2024-02-21,15580.870
2024-02-22,16041.620
2024-02-23,15996.820
2024-02-26,15976.250
2024-02-27,16035.300
2024-02-28,15947.740
2024-02-29,16091.920
2024-03-01,16274.940
2024-03-04,16207.510
2024-03-05,15939.590
2024-03-06,16031.540
2024-03-07,16273.380
2024-03-08,16085.110
2024-03-11,16019.270
2024-03-12,16265.640
2024-03-13,16177.770
2024-03-14,16128.530
2024-03-15,15973.170
2024-03-18,16103.450
2024-03-19,16166.790
2024-03-20,16369.410
2024-03-21,16401.840
2024-03-22,16428.820
2024-03-25,16384.470
2024-03-26,16315.700
2024-03-27,16399.520
2024-03-28,16379.460
2024-03-29,
2024-04-01,16396.830
2024-04-02,16240.450
2024-04-03,16277.460
2024-04-04,16049.080
2024-04-05,16248.520
2024-04-08,16253.960
2024-04-09,16306.640
2024-04-10,16170.360
2024-04-11,16442.200
2024-04-12,16175.090
2024-04-15,15885.020
2024-04-16,15865.250
2024-04-17,15683.370
2024-04-18,15601.500
2024-04-19,15282.010
2024-04-22,15451.310
2024-04-23,15696.640
2024-04-24,15712.750
2024-04-25,15611.760
2024-04-26,15927.900
2024-04-29,15983.080
2024-04-30,15657.820
2024-05-01,15605.480
2024-05-02,15840.960
2024-05-03,16156.330
2024-05-06,16349.250
2024-05-07,16332.560
2024-05-08,16302.760
2024-05-09,16346.260
2024-05-10,16340.870
2024-05-13,16388.240
2024-05-14,16511.180
2024-05-15,16742.390
2024-05-16,16698.320
2024-05-17,16685.970
2024-05-20,16794.870
2024-05-21,16832.620
2024-05-22,16801.540
2024-05-23,16736.030
2024-05-24,16920.790
2024-05-27,
2024-05-28,17019.880
2024-05-29,16920.580
2024-05-30,16737.080
2024-05-31,16735.020
2024-06-03,16828.670
2024-06-04,16857.050
2024-06-05,17187.900
2024-06-06,17173.120
2024-06-07,17133.130
2024-06-10,17192.530
2024-06-11,17343.550
2024-06-12,17608.440
2024-06-13,17667.560
2024-06-14,17688.880
2024-06-17,17857.020
2024-06-18,17862.230
2024-06-19,
2024-06-20,17721.590
2024-06-21,17689.360
2024-06-24,17496.820
2024-06-25,17717.650
2024-06-26,17805.160
2024-06-27,17858.680
2024-06-28,17732.600
2024-07-01,17879.300
2024-07-02,18028.760
2024-07-03,18188.300
2024-07-04,
2024-07-05,18352.760
2024-07-08,18403.740
2024-07-09,18429.290
2024-07-10,18647.450
2024-07-11,18283.410
2024-07-12,18398.450
2024-07-15,18472.570
2024-07-16,18509.340
2024-07-17,17996.920
2024-07-18,17871.220
2024-07-19,17726.940
2024-07-22,18007.570
2024-07-23,17997.350
2024-07-24,17342.410
2024-07-25,17181.720
2024-07-26,17357.880
2024-07-29,17370.200
2024-07-30,17147.420
2024-07-31,17599.400
2024-08-01,17194.150
2024-08-02,16776.160
2024-08-05,16200.080
2024-08-06,16366.850
2024-08-07,16195.810
2024-08-08,16660.020
2024-08-09,16745.300
2024-08-12,16780.610
2024-08-13,17187.610
2024-08-14,17192.600
2024-08-15,17594.500
2024-08-16,17631.720
2024-08-19,17876.770
2024-08-20,17816.940
2024-08-21,17918.990
2024-08-22,17619.350
2024-08-23,17877.790
2024-08-26,17725.760
2024-08-27,17754.820
2024-08-28,17556.030
2024-08-29,17516.430
2024-08-30,17713.620
2024-09-02,
2024-09-03,17136.300
2024-09-04,17084.300
2024-09-05,17127.660
2024-09-06,16690.830
2024-09-09,16884.600
2024-09-10,17025.880
2024-09-11,17395.530
2024-09-12,17569.680
2024-09-13,17683.980
2024-09-16,17592.130
2024-09-17,17628.060
2024-09-18,17573.300
2024-09-19,18013.980
2024-09-20,17948.320
2024-09-23,17974.270
2024-09-24,18074.520
2024-09-25,18082.210
2024-09-26,18190.290
2024-09-27,18119.590
2024-09-30,18189.170
2024-10-01,17910.360
2024-10-02,17925.120
2024-10-03,17918.480
2024-10-04,18137.850
2024-10-07,17923.900
2024-10-08,18182.920
2024-10-09,18291.620
2024-10-10,18282.050
2024-10-11,18342.940
2024-10-14,18502.690
2024-10-15,18315.590
2024-10-16,18367.080
2024-10-17,18373.610
2024-10-18,18489.550
2024-10-21,18540.000
2024-10-22,18573.130
2024-10-23,18276.650
2024-10-24,18415.490
2024-10-25,18518.610
2024-10-28,18567.190
2024-10-29,18712.750
2024-10-30,18607.930
2024-10-31,18095.150
2024-11-01,18239.920
2024-11-04,18179.980
2024-11-05,18439.170
2024-11-06,18983.470
2024-11-07,19269.460
2024-11-08,19286.780
2024-11-11,19298.760
2024-11-12,19281.400
2024-11-13,19230.730
2024-11-14,19107.650
2024-11-15,18680.120
2024-11-18,18791.810
2024-11-19,18987.470
2024-11-20,18966.140
2024-11-21,18972.420
2024-11-22,19003.650
2024-11-25,19054.840
2024-11-26,19175.580
2024-11-27,19060.480
2024-11-28,
2024-11-29,19218.170
2024-12-02,19403.950
2024-12-03,19480.910
2024-12-04,19735.120
2024-12-05,19700.720
2024-12-06,19859.770
2024-12-09,19736.690
2024-12-10,19687.240
2024-12-11,20034.890
2024-12-12,19902.840
2024-12-13,19926.720
2024-12-16,20173.890
2024-12-17,20109.060
2024-12-18,19392.690
2024-12-19,19372.770
2024-12-20,19572.600
2024-12-23,19764.890
2024-12-24,20031.130
2024-12-25,
2024-12-26,20020.360
2024-12-27,19722.030
2024-12-30,19486.780
2024-12-31,19310.790
2025-01-01,
2025-01-02,19280.790
2025-01-03,19621.680
2025-01-06,19864.980
2025-01-07,19489.680
2025-01-08,19478.880
2025-01-09,
2025-01-10,19161.630
2025-01-13,19088.100
2025-01-14,19044.390
2025-01-15,19511.230
2025-01-16,19338.290
2025-01-17,19630.200
2025-01-20,
2025-01-21,19756.780
2025-01-22,20009.340
2025-01-23,20053.680
2025-01-24,19954.300
2025-01-27,19341.830
2025-01-28,19733.590
2025-01-29,19632.320
2025-01-30,19681.750
2025-01-31,19627.440
2025-02-03,19391.960
2025-02-04,19654.020
2025-02-05,19692.330
2025-02-06,19791.990
2025-02-07,19523.400
2025-02-10,19714.270
2025-02-11,19643.860
2025-02-12,19649.950
2025-02-13,19945.640
2025-02-14,20026.770
2025-02-17,
2025-02-18,20041.260
2025-02-19,20056.250
2025-02-20,19962.360
2025-02-21,19524.010
2025-02-24,19286.920
2025-02-25,19026.390
2025-02-26,19075.260
2025-02-27,18544.420
2025-02-28,18847.280
2025-03-03,18350.190
2025-03-04,18285.160
2025-03-05,18552.730
2025-03-06,18069.260
2025-03-07,18196.220
2025-03-10,17468.320
2025-03-11,17436.100
2025-03-12,17648.450
2025-03-13,17303.010
2025-03-14,17754.090
2025-03-17,17808.660
2025-03-18,17504.120
2025-03-19,17750.790
2025-03-20,17691.630
2025-03-21,17784.050
2025-03-24,18188.590
2025-03-25,18271.860
2025-03-26,17899.010
2025-03-27,17804.030
2025-03-28,17322.990
2025-03-31,17299.290
2025-04-01,17449.890
2025-04-02,17601.050
2025-04-03,16550.610
2025-04-04,15587.790
2025-04-07,15603.260
2025-04-08,15267.910
2025-04-09,17124.970
2025-04-10,16387.310
2025-04-11,16724.460
2025-04-14,16831.480
2025-04-15,16823.170
2025-04-16,16307.160
2025-04-17,16286.450
2025-04-18,
2025-04-21,15870.900
2025-04-22,16300.420
2025-04-23,16708.050
2025-04-24,17166.040
2025-04-25,17382.940
2025-04-28,17366.130
2025-04-29,17461.320
2025-04-30,17446.340
2025-05-01,17710.740
2025-05-02,17977.730
2025-05-05,17844.240
2025-05-06,17689.660
2025-05-07,17738.160
2025-05-08,17928.140
2025-05-09,17928.920
2025-05-12,18708.340
2025-05-13,19010.080
2025-05-14,19146.810
2025-05-15,19112.320
2025-05-16,19211.100
2025-05-19,19215.460
2025-05-20,19142.710
2025-05-21,18872.640
2025-05-22,18925.730
2025-05-23,18737.210
2025-05-26,
2025-05-27,19199.160
2025-05-28,19100.940
2025-05-29,19175.870
2025-05-30,19113.770
2025-06-02,19242.610
2025-06-03,19398.960
2025-06-04,19460.490
2025-06-05,19298.450
2025-06-06,19529.950
2025-06-09,19591.240
2025-06-10,19714.990
2025-06-11,19615.880
2025-06-12,19662.480
2025-06-13,19406.830
2025-06-16,19701.210
2025-06-17,19521.090
2025-06-18,19546.270
2025-06-19,
2025-06-20,19447.410
2025-06-23,19630.970
2025-06-24,19912.530
2025-06-25,19973.550
2025-06-26,20167.910
2025-06-27,20273.460
2025-06-30,20369.730
2025-07-01,20202.890
2025-07-02,20393.130
2025-07-03,20601.100
2025-07-04,
2025-07-07,20412.520
2025-07-08,20418.460
2025-07-09,20611.340
2025-07-10,20630.660
2025-07-11,20585.530
2025-07-14,20640.330
2025-07-15,20677.800
2025-07-16,20730.490
2025-07-17,20885.650
2025-07-18,20895.660
2025-07-21,20974.170
2025-07-22,20892.680
2025-07-23,21020.020
2025-07-24,21057.960
2025-07-25,21108.320
2025-07-28,21178.580
2025-07-29,21098.290
2025-07-30,21129.670
2025-07-31,21122.450
2025-08-01,20650.130
2025-08-04,21053.580
2025-08-05,20916.550
2025-08-06,21169.420
2025-08-07,21242.700
2025-08-08,21450.020
2025-08-11,21385.400
2025-08-12,21681.900
2025-08-13,21713.140
2025-08-14,21710.670
2025-08-15,21622.980
2025-08-18,21629.770
2025-08-19,21314.950
2025-08-20,21172.860
2025-08-21,21100.310
2025-08-22,21496.530
2025-08-25,21449.290
2025-08-26,21544.270
2025-08-27,21590.140
2025-08-28,21705.160
2025-08-29,21455.550
2025-09-01,
2025-09-02,21279.630
2025-09-03,21497.730
2025-09-04,21707.690
2025-09-05,21700.390
2025-09-08,21798.700
2025-09-09,21879.490
2025-09-10,21886.060
2025-09-11,22043.070
2025-09-12,22141.100
2025-09-15,22348.750
2025-09-16,22333.960
2025-09-17,22261.330
2025-09-18,22470.730
2025-09-19,22631.480
2025-09-22,22788.980
2025-09-23,22573.470
2025-09-24,22497.860
2025-09-25,22384.700
2025-09-26,22484.070
2025-09-29,22591.150
2025-09-30,22660.010
2025-10-01,22755.160
2025-10-02,22844.050
2025-10-03,22780.510
2025-10-06,22941.670
2025-10-07,22788.360
2025-10-08,23043.380
2025-10-09,23024.630
2025-10-10,22204.430
2025-10-13,22694.610
2025-10-14,22521.700
2025-10-15,22670.080
2025-10-16,22562.540
2025-10-17,22679.970
2025-10-20,22990.540
2025-10-21,22953.670
2025-10-22,22740.400
2025-10-23,22941.800
2025-10-24,23204.870
2025-10-27,23637.460
2025-10-28,23827.490
2025-10-29,23958.470
2025-10-30,23581.140
2025-10-31,23724.960
2025-11-03,23834.720
2025-11-04,23348.640
2025-11-05,23499.800
2025-11-06,23053.990
2025-11-07,23004.540
2025-11-10,23527.170
2025-11-11,23468.300
2025-11-12,23406.460
2025-11-13,22870.360
2025-11-14,22900.590
2025-11-17,22708.070
2025-11-18,22432.850
2025-11-19,22564.230
2025-11-20,22078.050
2025-11-21,22273.080
2025-11-24,22872.010
2025-11-25,23025.590
2025-11-26,23214.690
2025-11-27,
2025-11-28,23365.690
2025-12-01,23275.920
2025-12-02,23413.670
2025-12-03,23454.090
2025-12-04,23505.140
2025-12-05,23578.130
2025-12-08,23545.900
2025-12-09,23576.490
2025-12-10,23654.160
2025-12-11,23593.860
2025-12-12,23195.170
2025-12-15,23057.410
2025-12-16,23111.460
2025-12-17,22693.320
2025-12-18,23006.360
2025-12-19,23307.620
2025-12-22,23428.830
2025-12-23,23561.840
2025-12-24,23613.310
2025-12-25,
2025-12-26,23593.100
2025-12-29,23474.350
2025-12-30,23419.080
2025-12-31,23241.990
2026-01-01,
2026-01-02,23235.630
2026-01-05,23395.820
2026-01-06,23547.170
2026-01-07,23584.270
2026-01-08,23480.020
2026-01-09,23671.350
2026-01-12,23733.900
2026-01-13,23709.870
2026-01-14,23471.750
2026-01-15,23530.020
2026-01-16,23515.390
2026-01-19,
2026-01-20,22954.320
2026-01-21,23224.820
2026-01-22,23436.020
2026-01-23,23501.240
2026-01-26,23601.360
2026-01-27,23817.100
2026-01-28,23857.450
2026-01-29,23685.120
2026-01-30,23461.820
2026-02-02,23592.110
2026-02-03,23255.190
2026-02-04,22904.580
2026-02-05,22540.590
2026-02-06,23031.210
2026-02-09,23238.670
2026-02-10,23102.470
2026-02-11,23066.470
2026-02-12,22597.150
2026-02-13,22546.670
2026-02-16,
2026-02-17,22578.380
2026-02-18,22753.630
2026-02-19,22682.730
2026-02-20,22886.070
2026-02-23,22627.270
2026-02-24,22863.680
2026-02-25,23152.080
2026-02-26,22878.380
2026-02-27,22668.210
2026-03-02,22748.860
2026-03-03,22516.690
2026-03-04,22807.480
2026-03-05,22748.990
2026-03-06,22387.680
2026-03-09,22695.950
2026-03-10,22697.100
2026-03-11,22716.130
2026-03-12,22311.980
2026-03-13,22105.360
2026-03-16,22374.180
2026-03-17,22479.530
2026-03-18,22152.420
2026-03-19,22090.690
2026-03-20,21647.610
2026-03-23,21946.760
2026-03-24,21761.890
2026-03-25,21929.830
2026-03-26,21408.080
2026-03-27,20948.360
2026-03-30,20794.640
2026-03-31,21590.630
2026-04-01,21840.950
2026-04-02,21879.180
2026-04-03,
2026-04-06,21996.340
2026-04-07,22017.850
2026-04-08,22635.000
2026-04-09,22822.420
2026-04-10,22902.890
2026-04-13,23183.740
2026-04-14,23639.080
2026-04-15,24016.020
2026-04-16,24102.700
2026-04-17,24468.480
2026-04-20,24404.390
2026-04-21,24259.960
2026-04-22,24657.570
2026-04-23,24438.500
2026-04-24,24836.600
2026-04-27,24887.100
2026-04-28,24663.800
2026-04-29,24673.240
2026-04-30,24892.310
2026-05-01,25114.440
2026-05-04,25067.800
2026-05-05,25326.130
2026-05-06,25838.940
2026-05-07,25806.200
2026-05-08,26247.080
2026-05-11,26274.130
2026-05-12,26088.200
2026-05-13,26402.340
2026-05-14,26635.220
2026-05-15,26225.140
2026-05-18,26090.730
2026-05-19,25870.710
2026-05-20,26270.360
2026-05-21,26293.100
2026-05-22,26343.970
2026-05-25,
2026-05-26,26656.180
2026-05-27,26674.730
2026-05-28,26917.470
2026-05-29,26972.620
2026-06-01,27086.810
2026-06-02,27093.900
2026-06-03,26853.980
2026-06-04,26830.960
2026-06-05,25709.430
2026-06-08,25929.660
2026-06-09,25678.820
2026-06-10,25169.500
2026-06-11,25809.660
2026-06-12,25888.840
2026-06-15,26683.940
2026-06-16,26376.340
2026-06-17,26021.660
2026-06-18,26517.930
2026-06-19,
2026-06-22,26166.600
2026-06-23,25587.040
2026-06-24,25476.640
2026-06-25,25358.600
2026-06-26,25297.620
2026-06-29,25820.140
2026-06-30,26213.720
2026-07-01,26040.030
2026-07-02,25832.670
2026-07-03,
2026-07-06,26121.160
2026-07-07,25818.690
2026-07-08,25870.650
2026-07-09,26206.890
2026-07-10,26281.610
2026-07-13,25873.180
2026-07-14,26107.010
2026-07-15,26269.230
2026-07-16,25881.950
2026-07-17,25520.240
2026-07-20,25508.070
2026-07-21,25837.210
2026-07-22,25690.900
2026-07-23,25137.690
2026-07-24,24975.820
2026-07-27,24932.080
2026-07-28,24876.910
2026-07-29,24442.940
2026-07-30,25122.180
2026-07-31,25373.850
2026-08-03,25913.900
2026-08-04,26584.990
2026-08-05,26363.440
2026-08-06,26348.350
2026-08-07,26690.620
2026-08-10,26605.360
2026-08-11,26445.450
2026-08-12,26588.490
2026-08-13,26803.030
2026-08-14,26729.160
